Num,Reaction,Rate
0,e + CH4^+ => CH3 + H,1.18d-08 * (300./Tgas)**0.5
1,e + CH4^+ => CH2 + H + H,2.42d-08 * (300./Tgas)**0.5
2,e + CH4^+ => CH + H2 + H,1.41d-08 * (300./Tgas)**0.5
3,e + CH3^+ => CH2 + H,2.25d-08 * (300./Tgas)**0.5
4,e + CH3^+ => CH + H2,7.88d-09 * (300./Tgas)**0.5
5,e + CH3^+ => CH + H + H,9.00d-09 * (300./Tgas)**0.5
6,e + CH3^+ => C + H2 + H,1.69d-08 * (300./Tgas)**0.5
7,e + CH2^+ => CH + H,1.00d-08 * (300./Tgas)**0.5
8,e + CH2^+ => C + H2,4.82d-09 * (300./Tgas)**0.5
9,e + CH2^+ => C + H + H,2.53d-08 * (300./Tgas)**0.5
10,e + CH^+ => C + H,3.23d-08 * (300./Tgas)**0.42
11,e + C2H6^+ => C2H5 + H,2.19d-08 * (300./Tgas)**0.71
12,e + C2H6^+ => C2H4 + H + H,3.36d-08 * (300./Tgas)**0.71
13,e + C2H5^+ => C2H4 + H,7.70d-09 * (300./Tgas)**0.71
14,e + C2H5^+ => C2H3 + H + H,"1,92d-08 * (300./Tgas)**0.71"
15,e + C2H5^+ => C2H2 + H2 + H,1.60d-08 * (300./Tgas)**0.71
16,e + C2H5^+ => C2H2 + H + H + H,8.98d-09 * (300./Tgas)**0.71
17,e + C2H5^+ => CH3 + CH2,9.62d-09 * (300./Tgas)**0.71
18,e + C2H4^+ => C2H3 + H,8.29d-09 * (300./Tgas)**0.71
19,e + C2H4^+ => C2H2 + H + H,3.43d-08 * (300./Tgas)**0.71
20,e + C2H3^+ => C2H2 + H,1.34d-08 * (300./Tgas)**0.71
21,e + C2H2^+ => CH + CH,4.87d-09 * (300./Tgas)**0.71
22,e + H2^+ => H + H,3.17d21/(6.022d23 * Te**4.5)
23,e + H3^+ => H + H2,3.17d21/(6.022d23 * Te**4.5)
24,H2 + H2^+ => H + H3^+,2.11d-09
25,C2H6 + CH4^+ => CH4 + H2 + C2H4^+,1.91d-9
26,C2H6(v24) + CH4^+ => CH4 + H2 + C2H4^+,1.91d-9
27,C2H6(v13) + CH4^+ => CH4 + H2 + C2H4^+,1.91d-9
28,C2H4 + CH4^+ => CH3 + C2H5^+,4.23d-10
29,C2H4(v1) + CH4^+ => CH3 + C2H5^+,4.23d-10
30,C2H4(v2) + CH4^+ => CH3 + C2H5^+,4.23d-10
31,C2H4 + CH4^+ => CH4 + C2H4^+,1.38d-9
32,C2H4(v1) + CH4^+ => CH4 + C2H4^+,1.38d-9
33,C2H4(v2) + CH4^+ => CH4 + C2H4^+,1.38d-9
34,C2H2 + CH4^+ => CH3 + C2H3^+,1.23d-9
35,C2H2(v5) + CH4^+ => CH3 + C2H3^+,1.23d-9
36,C2H2(v2) + CH4^+ => CH3 + C2H3^+,1.23d-9
37,C2H2(v13) + CH4^+ => CH3 + C2H3^+,1.23d-9
38,C2H2 + CH4^+ => CH4 + C2H2^+,1.13d-9
39,C2H2(v5) + CH4^+ => CH4 + C2H2^+,1.13d-9
40,C2H2(v2) + CH4^+ => CH4 + C2H2^+,1.13d-9
41,C2H2(v13) + CH4^+ => CH4 + C2H2^+,1.13d-9
42,H + CH4^+ => H2 + CH3^+,1.00d-11
43,CH4 + CH3^+ => CH3 + CH4^+,1.36d-10
44,CH4(v24) + CH3^+ => CH3 + CH4^+,1.36d-10
45,CH4(v13) + CH3^+ => CH3 + CH4^+,1.36d-10
46,CH4 + CH3^+ => H2 + C2H5^+,1.20d-9
47,CH4(v24) + CH3^+ => H2 + C2H5^+,1.20d-9
48,CH4(v13) + CH3^+ => H2 + C2H5^+,1.20d-9
49,CH2 + CH3^+ => H2 + C2H3^+,9.90d-10
50,CH + CH3^+ => H2 + C2H2^+,7.10d-10
51,C2H6 + CH3^+ => CH4 + C2H5^+,1.48d-9
52,C2H6(v24) + CH3^+ => CH4 + C2H5^+,1.48d-9
53,C2H6(v13) + CH3^+ => CH4 + C2H5^+,1.48d-9
54,C2H4 + CH3^+ => CH4 + C2H3^+,3.50d-10
55,C2H4(v1) + CH3^+ => CH4 + C2H3^+,3.50d-10
56,C2H4(v2) + CH3^+ => CH4 + C2H3^+,3.50d-10
57,C2H3 + CH3^+ => CH3 + C2H3^+,3.00d-10
58,CH4 + CH2^+ => CH3 + CH3^+,1.38d-10
59,CH4(v24) + CH2^+ => CH3 + CH3^+,1.38d-10
60,CH4(v13) + CH2^+ => CH3 + CH3^+,1.38d-10
61,CH4 + CH2^+ => H + C2H5^+,3.60d-10
62,CH4(v24) + CH2^+ => H + C2H5^+,3.60d-10
63,CH4(v13) + CH2^+ => H + C2H5^+,3.60d-10
64,CH4 + CH2^+ => H2 + C2H4^+,8.40d-10
65,CH4(v24) + CH2^+ => H2 + C2H4^+,8.40d-10
66,CH4(v13) + CH2^+ => H2 + C2H4^+,8.40d-10
67,CH4 + CH2^+ => H + H2 + C2H3^+,2.31d-10
68,CH4(v24) + CH2^+ => H + H2 + C2H3^+,2.31d-10
69,CH4(v13) + CH2^+ => H + H2 + C2H3^+,2.31d-10
70,CH4 + CH2^+ => H2 + H2 + C2H2^+,3.97d-10
71,CH4(v24) + CH2^+ => H2 + H2 + C2H2^+,3.97d-10
72,CH4(v13) + CH2^+ => H2 + H2 + C2H2^+,3.97d-10
73,H2 + CH2^+ => H + CH3^+,1.60d-9
74,CH4 + CH^+ => H + C2H4^+,6.50d-11
75,CH4(v24) + CH^+ => H + C2H4^+,6.50d-11
76,CH4(v13) + CH^+ => H + C2H4^+,6.50d-11
77,CH4 + CH^+ => H2 + C2H3^+,1.09d-9
78,CH4(v24) + CH^+ => H2 + C2H3^+,1.09d-9
79,CH4(v13) + CH^+ => H2 + C2H3^+,1.09d-9
80,CH4 + CH^+ => H2 + H + C2H2^+,1.43d-10
81,CH4(v24) + CH^+ => H2 + H + C2H2^+,1.43d-10
82,CH4(v13) + CH^+ => H2 + H + C2H2^+,1.43d-10
83,H2 + CH^+ => H + CH2^+,1.20d-9
84,C2H4 + C2H6^+ => C2H6 + C2H4^+,1.15d-9
85,C2H4(v1) + C2H6^+ => C2H6 + C2H4^+,1.15d-9
86,C2H4(v2) + C2H6^+ => C2H6 + C2H4^+,1.15d-9
87,C2H2 + C2H6^+ => C2H3 + C2H5^+,2.47d-10
88,C2H2(v5) + C2H6^+ => C2H3 + C2H5^+,2.47d-10
89,C2H2(v2) + C2H6^+ => C2H3 + C2H5^+,2.47d-10
90,C2H2(v13) + C2H6^+ => C2H3 + C2H5^+,2.47d-10
91,H + C2H6^+ => H2 + C2H5^+,1.00d-10
92,H + C2H5^+ => H2 + C2H4^+,1.00d-11
93,C2H3 + C2H4^+ => C2H2 + C2H5^+,5.00d-10
94,C2H3 + C2H4^+ => C2H4 + C2H3^+,5.00d-10
95,H + C2H4^+ => H2 + C2H3^+,3.00d-10
96,C2H6 + C2H3^+ => C2H4 + C2H5^+,2.91d-10
97,C2H6(v24) + C2H3^+ => C2H4 + C2H5^+,2.91d-10
98,C2H6(v13) + C2H3^+ => C2H4 + C2H5^+,2.91d-10
99,C2H4 + C2H3^+ => C2H2 + C2H5^+,8.90d-10
100,C2H4(v1) + C2H3^+ => C2H2 + C2H5^+,8.90d-10
101,C2H4(v2) + C2H3^+ => C2H2 + C2H5^+,8.90d-10
102,H + C2H3^+ => H2 + C2H2^+,6.80d-11
103,CH4 + C2H2^+ => CH3 + C2H3^+,4.10d-9
104,CH4(v24) + C2H2^+ => CH3 + C2H3^+,4.10d-9
105,CH4(v13) + C2H2^+ => CH3 + C2H3^+,4.10d-9
106,C2H6 + C2H2^+ => C2H3 + C2H5^+,1.31d-10
107,C2H6(v24) + C2H2^+ => C2H3 + C2H5^+,1.31d-10
108,C2H6(v13) + C2H2^+ => C2H3 + C2H5^+,1.31d-10
109,C2H6 + C2H2^+ => C2H4 + C2H4^+,2.48d-10
110,C2H6(v24) + C2H2^+ => C2H4 + C2H4^+,2.48d-10
111,C2H6(v13) + C2H2^+ => C2H4 + C2H4^+,2.48d-10
112,C2H4 + C2H2^+ => C2H2 + C2H4^+,4.14d-10
113,C2H4(v1) + C2H2^+ => C2H2 + C2H4^+,4.14d-10
114,C2H4(v2) + C2H2^+ => C2H2 + C2H4^+,4.14d-10
115,C2H3 + C2H2^+ => C2H2 + C2H3^+,3.30d-10
116,H2 + C2H2^+ => H + C2H3^+,1.00d-11
117,CH4 + C2H^+ => CH3 + C2H2^+,3.74d-10
118,CH4(v24) + C2H^+ => CH3 + C2H2^+,3.74d-10
119,CH4(v13) + C2H^+ => CH3 + C2H2^+,3.74d-10
120,CH3 + H3^+ => H2 + CH4^+,2.10d-9
121,CH2 + H3^+ => H2 + CH3^+,1.70d-9
122,CH + H3^+ => H2 + CH2^+,1.20d-9
123,C2H6 + H3^+ => H2 + H2 + C2H5^+,2.40d-9
124,C2H6(v24) + H3^+ => H2 + H2 + C2H5^+,2.40d-9
125,C2H6(v13) + H3^+ => H2 + H2 + C2H5^+,2.40d-9
126,C2H5 + H3^+ => H2 + C2H6^+,1.40d-9
127,C2H4 + H3^+ => H2 + C2H5^+,1.15d-9
128,C2H4(v1) + H3^+ => H2 + C2H5^+,1.15d-9
129,C2H4(v2) + H3^+ => H2 + C2H5^+,1.15d-9
130,C2H4 + H3^+ => H2 + H2 + C2H3^+,1.15d-9
131,C2H4(v1) + H3^+ => H2 + H2 + C2H3^+,1.15d-9
132,C2H4(v2) + H3^+ => H2 + H2 + C2H3^+,1.15d-9
133,C2H3 + H3^+ => H2 + C2H4^+,2.00d-9
134,C2H2 + H3^+ => H2 + C2H3^+,3.50d-9
135,C2H2(v5) + H3^+ => H2 + C2H3^+,3.50d-9
136,C2H2(v2) + H3^+ => H2 + C2H3^+,3.50d-9
137,C2H2(v13) + H3^+ => H2 + C2H3^+,3.50d-9
138,CH4 + H2^+ => H2 + CH4^+,1.40d-9
139,CH4(v24) + H2^+ => H2 + CH4^+,1.40d-9
140,CH4(v13) + H2^+ => H2 + CH4^+,1.40d-9
141,CH4 + H2^+ => H2 + H + CH3^+,2.30d-9
142,CH4(v24) + H2^+ => H2 + H + CH3^+,2.30d-9
143,CH4(v13) + H2^+ => H2 + H + CH3^+,2.30d-9
144,CH2 + H2^+ => H + CH3^+,1.00d-9
145,CH2 + H2^+ => H2 + CH2^+,1.00d-9
146,CH + H2^+ => H + CH2^+,7.10d-10
147,CH + H2^+ => H2 + CH^+,7.10d-10
148,C2H6 + H2^+ => H2 + C2H6^+,2.94d-10
149,C2H6(v24) + H2^+ => H2 + C2H6^+,2.94d-10
150,C2H6(v13) + H2^+ => H2 + C2H6^+,2.94d-10
151,C2H6 + H2^+ => H2 + H + C2H5^+,1.37d-9
152,C2H6(v24) + H2^+ => H2 + H + C2H5^+,1.37d-9
153,C2H6(v13) + H2^+ => H2 + H + C2H5^+,1.37d-9
154,C2H6 + H2^+ => H2 + H2 + C2H4^+,2.35d-9
155,C2H6(v24) + H2^+ => H2 + H2 + C2H4^+,2.35d-9
156,C2H6(v13) + H2^+ => H2 + H2 + C2H4^+,2.35d-9
157,C2H6 + H2^+ => H2 + H2 + H + C2H3^+,6.86d-10
158,C2H6(v24) + H2^+ => H2 + H2 + H + C2H3^+,6.86d-10
159,C2H6(v13) + H2^+ => H2 + H2 + H + C2H3^+,6.86d-10
160,C2H6 + H2^+ => H2 + H2 + H2 + C2H2^+,1.96d-10
161,C2H6(v24) + H2^+ => H2 + H2 + H2 + C2H2^+,1.96d-10
162,C2H6(v13) + H2^+ => H2 + H2 + H2 + C2H2^+,1.96d-10
163,C2H4 + H2^+ => H2 + C2H4^+,2.21d-9
164,C2H4(v1) + H2^+ => H2 + C2H4^+,2.21d-9
165,C2H4(v2) + H2^+ => H2 + C2H4^+,2.21d-9
166,C2H4 + H2^+ => H2 + H + C2H3^+,1.81d-9
167,C2H4(v1) + H2^+ => H2 + H + C2H3^+,1.81d-9
168,C2H4(v2) + H2^+ => H2 + H + C2H3^+,1.81d-9
169,C2H4 + H2^+ => H2 + H2 + C2H2^+,8.82d-10
170,C2H4(v1) + H2^+ => H2 + H2 + C2H2^+,8.82d-10
171,C2H4(v2) + H2^+ => H2 + H2 + C2H2^+,8.82d-10
172,C2H2 + H2^+ => H + C2H3^+,4.80d-10
173,C2H2(v5) + H2^+ => H + C2H3^+,4.80d-10
174,C2H2(v2) + H2^+ => H + C2H3^+,4.80d-10
175,C2H2(v13) + H2^+ => H + C2H3^+,4.80d-10
176,C2H2 + H2^+ => H2 + C2H2^+,4.82d-9
177,C2H2(v5) + H2^+ => H2 + C2H2^+,4.82d-9
178,C2H2(v2) + H2^+ => H2 + C2H2^+,4.82d-9
179,C2H2(v13) + H2^+ => H2 + C2H2^+,4.82d-9
180,H + H2^+ => H3^+,2.10d-9
181,H + H2^+ => H2 + H^+,6.39d-10
182,CH4 + H^+ => H + CH4^+,1.50d-9
183,CH4(v24) + H^+ => H + CH4^+,1.50d-9
184,CH4(v13) + H^+ => H + CH4^+,1.50d-9
185,CH4 + H^+ => H2 + CH3^+,2.30d-9
186,CH4(v24) + H^+ => H2 + CH3^+,2.30d-9
187,CH4(v13) + H^+ => H2 + CH3^+,2.30d-9
188,CH3 + H^+ => H + CH3^+,3.40d-9
189,CH2 + H^+ => H + CH2^+,1.40d-9
190,CH2 + H^+ => H2 + CH^+,1.40d-9
191,CH + H^+ => H + CH^+,1.90d-9
192,C2H6 + H^+ => H2 + C2H5^+,1.30d-9
193,C2H6(v24) + H^+ => H2 + C2H5^+,1.30d-9
194,C2H6(v13) + H^+ => H2 + C2H5^+,1.30d-9
195,C2H6 + H^+ => H2 + H + C2H4^+,1.40d-9
196,C2H6(v24) + H^+ => H2 + H + C2H4^+,1.40d-9
197,C2H6(v13) + H^+ => H2 + H + C2H4^+,1.40d-9
198,C2H6 + H^+ => H2 + H2 + C2H3^+,2.80d-9
199,C2H6(v24) + H^+ => H2 + H2 + C2H3^+,2.80d-9
200,C2H6(v13) + H^+ => H2 + H2 + C2H3^+,2.80d-9
201,C2H5 + H^+ => H2 + C2H4^+,1.65d-9
202,C2H5 + H^+ => H2 + H + C2H3^+,3.06d-9
203,C2H4 + H^+ => H + C2H4^+,1.00d-9
204,C2H4(v1) + H^+ => H + C2H4^+,1.00d-9
205,C2H4(v2) + H^+ => H + C2H4^+,1.00d-9
206,C2H4 + H^+ => H2 + C2H3^+,3.00d-9
207,C2H4(v1) + H^+ => H2 + C2H3^+,3.00d-9
208,C2H4(v2) + H^+ => H2 + C2H3^+,3.00d-9
209,C2H4 + H^+ => H2 + H + C2H2^+,1.00d-9
210,C2H3 + H^+ => H + C2H3^+,2.00d-9
211,C2H3 + H^+ => H2 + C2H2^+,2.00d-9
212,C2H2 + H^+ => H + C2H2^+,5.40d-10
213,C2H2(v5) + H^+ => H + C2H2^+,5.40d-10
214,C2H2(v2) + H^+ => H + C2H2^+,5.40d-10
215,C2H2(v13) + H^+ => H + C2H2^+,5.40d-10
216,CH4 + CH2 => CH3 + CH3,4.08d-18 * Tgas**2 * exp(-4163./Tgas)
217,CH4(v24) + CH2 => CH3 + CH3,4.08d-18 * Tgas**2 * exp(-4163./Tgas)
218,CH4(v13) + CH2 => CH3 + CH3,4.08d-18 * Tgas**2 * exp(-4163./Tgas)
219,CH4 + CH => C2H4 + H,9.97d-11
220,CH4(v24) + CH => C2H4 + H,9.97d-11
221,CH4(v13) + CH => C2H4 + H,9.97d-11
222,CH4 + C2H5 => C2H6 + CH3,2.51d-15 * (Tgas/298.)**4.14 * exp(-52.55/(R*Tgas))
223,CH4(v24) + C2H5 => C2H6 + CH3,2.51d-15 * (Tgas/298.)**4.14 * exp(-52.55/(R*Tgas))
224,CH4(v13) + C2H5 => C2H6 + CH3,2.51d-15 * (Tgas/298.)**4.14 * exp(-52.55/(R*Tgas))
225,CH4 + C2H3 => C2H4 + CH3,4.26d-15 * (Tgas/298.)**4.02 * exp(-22.86/(R*Tgas))
226,CH4(v24) + C2H3 => C2H4 + CH3,4.26d-15 * (Tgas/298.)**4.02 * exp(-22.86/(R*Tgas))
227,CH4(v13) + C2H3 => C2H4 + CH3,4.26d-15 * (Tgas/298.)**4.02 * exp(-22.86/(R*Tgas))
228,CH4 + C3H7 => C3H8 + CH3,3.54d-16 * (Tgas/298.)**4.02 * exp(-45.48/(R*Tgas))
229,CH4(v24) + C3H7 => C3H8 + CH3,3.54d-16 * (Tgas/298.)**4.02 * exp(-45.48/(R*Tgas))
230,CH4(v13) + C3H7 => C3H8 + CH3,3.54d-16 * (Tgas/298.)**4.02 * exp(-45.48/(R*Tgas))
231,CH4 + H => CH3 + H2,9.86d-13 * (Tgas/298.)**3.00 * exp(-36.67/(R*Tgas))
232,CH4(v24) + H => CH3 + H2,9.86d-13 * (Tgas/298.)**3.00 * exp(-36.67/(R*Tgas))
233,CH4(v13) + H => CH3 + H2,9.86d-13 * (Tgas/298.)**3.00 * exp(-36.67/(R*Tgas))
234,CH4 + CH3 => H + C2H6,1.33d-10 * exp(-167.00/(R*Tgas))
235,CH4(v24) + CH3 => H + C2H6,1.33d-10 * exp(-167.00/(R*Tgas))
236,CH4(v13) + CH3 => H + C2H6,1.33d-10 * exp(-167.00/(R*Tgas))
237,CH4 + CH2 => C2H6,1.90d-12
238,CH4(v24) + CH2 => C2H6,1.90d-12
239,CH4(v13) + CH2 => C2H6,1.90d-12
240,CH4 => CH3 + H,2.40d16 * exp(-52800./Tgas)
241,CH4(v24) => CH3 + H,2.40d16 * exp(-52800./Tgas)
242,CH4(v13) => CH3 + H,2.40d16 * exp(-52800./Tgas)
243,CH3 => CH2 + H,1.69d-8 * exp(-379./(R*Tgas))
244,CH3 => CH + H2,6.97d-9 * exp(-345./(R*Tgas))
245,CH3 + C2H5 => C2H6 + CH2,3.00d-44 * Tgas**9.10
246,CH2 + CH2 => C2H2 + H2,3.32d-10 * exp(-45.98/(R*Tgas))
247,CH2 + C2H5 => C2H4 + CH3,3.01d-11
248,CH2 + C2H3 => C2H2 + CH3,3.01d-11
249,CH2 + C3H8 => C3H7 + CH3,1.61d-15 * (Tgas/298.)**3.65 * exp(-29.93/(R*Tgas))
250,CH2 + C3H8(v1) => C3H7 + CH3,1.61d-15 * (Tgas/298.)**3.65 * exp(-29.93/(R*Tgas))
251,CH2 + C3H8(v2) => C3H7 + CH3,1.61d-15 * (Tgas/298.)**3.65 * exp(-29.93/(R*Tgas))
252,CH2 + C3H7 => C2H4 + C2H5,3.01d-11
253,CH2 + C3H7 => C3H6 + CH3,3.01d-11
254,CH2 + H2 => CH3 + H,8.30d-19 * Tgas**2.00 * exp(-3938.65/Tgas)
255,CH2 + H => CH + H2,1.00d-11 * exp(7.48/(R*Tgas))
256,CH2 => CH + H,6.64d-9 * exp(-348./(R*Tgas))
257,CH2 + CH2 => C2H2 + H2,2.66d-9 * exp(-6011.07/Tgas)
258,CH2 + H => CH3,9.96d-10
259,CH + C2H6 => C3H6 + H,3.00d-11
260,CH + C2H6(v24) => C3H6 + H,3.00d-11
261,CH + C2H6(v13) => C3H6 + H,3.00d-11
262,CH + C2H6 => C3H7,1.14d-29
263,CH + C2H6(v24) => C3H7,1.14d-29
264,CH + C2H6(v13) => C3H7,1.14d-29
265,CH + H2 => CH2 + H,1.79d-10 * exp(-1565.17/Tgas)
266,CH + CH3 => C2H3 + H,4.98d-11
267,CH + CH2 => C2H2 + H,6.64d-11
268,CH + H2 => CH3,3.29d-12 * Tgas**0.43 * exp(186.21/Tgas)
269,CH + C2H3 => CH2 + C2H2,8.30d-11
270,C2H6 + C2H3 => C2H5 + C2H4,1.46d-13 * (Tgas/298.)**3.30 * exp(-43.90/(R*Tgas))
271,C2H6(v24) + C2H3 => C2H5 + C2H4,1.46d-13 * (Tgas/298.)**3.30 * exp(-43.90/(R*Tgas))
272,C2H6(v13) + C2H3 => C2H5 + C2H4,1.46d-13 * (Tgas/298.)**3.30 * exp(-43.90/(R*Tgas))
273,C2H6 + C3H7 => C3H8 + C2H5,1.19d-15 * (Tgas/298.)**3.82 * exp(-37.83/(R*Tgas))
274,C2H6(v24) + C3H7 => C3H8 + C2H5,1.19d-15 * (Tgas/298.)**3.82 * exp(-37.83/(R*Tgas))
275,C2H6(v13) + C3H7 => C3H8 + C2H5,1.19d-15 * (Tgas/298.)**3.82 * exp(-37.83/(R*Tgas))
276,C2H6 + H => C2H5 + H2,1.23d-11 * (Tgas/298.)**1.50 * exp(-31.01/(R*Tgas))
277,C2H6(v24) + H => C2H5 + H2,1.23d-11 * (Tgas/298.)**1.50 * exp(-31.01/(R*Tgas))
278,C2H6(v13) + H => C2H5 + H2,1.23d-11 * (Tgas/298.)**1.50 * exp(-31.01/(R*Tgas))
279,C2H6 + H => CH4 + CH3,8.97d-20 * exp(-48.64/(R*Tgas))
280,C2H6(v24) + H => CH4 + CH3,8.97d-20 * exp(-48.64/(R*Tgas))
281,C2H6(v13) + H => CH4 + CH3,8.97d-20 * exp(-48.64/(R*Tgas))
282,C2H6 => CH3 + CH3,1.80d21 * Tgas**-1.24 * exp(-45700./Tgas)
283,C2H6(v24) => CH3 + CH3,1.80d21 * Tgas**-1.24 * exp(-45700./Tgas)
284,C2H6(v13) => CH3 + CH3,1.80d21 * Tgas**-1.24 * exp(-45700./Tgas)
285,C2H6 + CH => C2H4 + CH3,1.79d-10 * exp(132.36/Tgas)
286,C2H6(v24) + CH => C2H4 + CH3,1.79d-10 * exp(132.36/Tgas)
287,C2H6(v13) + CH => C2H4 + CH3,1.79d-10 * exp(132.36/Tgas)
288,C2H6 + CH2 => C2H5 + CH3,9.00d-33 * Tgas**6.43
289,C2H6(v24) + CH2 => C2H5 + CH3,9.00d-33 * Tgas**6.43
290,C2H6(v13) + CH2 => C2H5 + CH3,9.00d-33 * Tgas**6.43
291,C2H5 + C2H5 => C2H6 + C2H4,2.41d-12
292,C2H5 + C2H4 => C2H6 + C2H3,5.83d-14 * (Tgas/298.)**3.13 * exp(-75.33/(R*Tgas))
293,C2H5 + C2H4(v1) => C2H6 + C2H3,5.83d-14 * (Tgas/298.)**3.13 * exp(-75.33/(R*Tgas))
294,C2H5 + C2H4(v2) => C2H6 + C2H3,5.83d-14 * (Tgas/298.)**3.13 * exp(-75.33/(R*Tgas))
295,C2H5 + C2H2 => C2H6 + C2H,4.50d-13 * exp(-98.11/(R*Tgas))
296,C2H5 + C2H2(v5) => C2H6 + C2H,4.50d-13 * exp(-98.11/(R*Tgas))
297,C2H5 + C2H2(v2) => C2H6 + C2H,4.50d-13 * exp(-98.11/(R*Tgas))
298,C2H5 + C2H2(v13) => C2H6 + C2H,4.50d-13 * exp(-98.11/(R*Tgas))
299,C2H5 + C3H8 => C2H6 + C3H7,1.61d-15 * (Tgas/298.)**3.65 * exp(-38.25/(R*Tgas))
300,C2H5 + C3H8(v1) => C2H6 + C3H7,1.61d-15 * (Tgas/298.)**3.65 * exp(-38.25/(R*Tgas))
301,C2H5 + C3H8(v2) => C2H6 + C3H7,1.61d-15 * (Tgas/298.)**3.65 * exp(-38.25/(R*Tgas))
302,C2H5 + C3H7 => C3H8 + C2H4,1.91d-12
303,C2H5 + C3H7 => C3H6 + C2H6,2.41d-12
304,C2H5 + C3H6 => C3H5 + C2H6,1.69d-15 * (Tgas/298.)**3.50 * exp(-35.34/(R*Tgas))
305,C2H5 + C3H6(v) => C3H5 + C2H6,1.69d-15 * (Tgas/298.)**3.50 * exp(-35.34/(R*Tgas))
306,C2H5 + H2 => C2H6 + H,4.12d-15 * (Tgas/298.)**3.60 * exp(-27.77/(R*Tgas))
307,C2H5 + H => CH3 + CH3,5.99d-11
308,C2H5 + H => C2H4 + H2,3.32d-12
309,C2H5 + H => C2H6,8.65d-7 * Tgas**-0.99 * exp(-795.17/Tgas)
310,C2H5 => C2H4 + H,4.08d12 * (Tgas/298.)**1.04 * exp(-154./(R*Tgas))
311,C2H5 + C2H5 => C4H9H,9.55d-12
312,C2H5 + C2H3 => C2H4 + C2H4,4.42d-11
313,C2H4 + H => C2H3 + H2,9.00d-10 * exp(-62.36/(R*Tgas))
314,C2H4(v1) + H => C2H3 + H2,9.00d-10 * exp(-62.36/(R*Tgas))
315,C2H4(v2) + H => C2H3 + H2,9.00d-10 * exp(-62.36/(R*Tgas))
316,C2H4 + H => C2H5,9.68d-12 * (Tgas/298.)**1.28 * exp(-5.40/(R*Tgas))
317,C2H4(v1) + H => C2H5,9.68d-12 * (Tgas/298.)**1.28 * exp(-5.40/(R*Tgas))
318,C2H4(v2) + H => C2H5,9.68d-12 * (Tgas/298.)**1.28 * exp(-5.40/(R*Tgas))
319,C2H4 + H2 => C2H5 + H,9.55d-12
320,C2H4 => C2H3 + H,4.30d-7 * exp(-404./(R*Tgas))
321,C2H4(v1) => C2H3 + H,4.30d-7 * exp(-404./(R*Tgas))
322,C2H4(v2) => C2H3 + H,4.30d-7 * exp(-404./(R*Tgas))
323,C2H4 + C2H2 => C2H3 + C2H3,4.00d-11 * exp(-286./(R*Tgas))
324,C2H4(v1) + C2H2 => C2H3 + C2H3,4.00d-11 * exp(-286./(R*Tgas))
325,C2H4(v2) + C2H2 => C2H3 + C2H3,4.00d-11 * exp(-286./(R*Tgas))
326,C2H4 + C2H2(v5) => C2H3 + C2H3,4.00d-11 * exp(-286./(R*Tgas))
327,C2H4 + C2H2(v2) => C2H3 + C2H3,4.00d-11 * exp(-286./(R*Tgas))
328,C2H4 + C2H2(v13) => C2H3 + C2H3,4.00d-11 * exp(-286./(R*Tgas))
329,C2H4 + C3H6 => C2H3 + C3H7,1.00d-10 * exp(-316./(R*Tgas))
330,C2H4(v1) + C3H6 => C2H3 + C3H7,1.00d-10 * exp(-316./(R*Tgas))
331,C2H4(v2) + C3H6 => C2H3 + C3H7,1.00d-10 * exp(-316./(R*Tgas))
332,C2H4 + C3H6(v) => C2H3 + C3H7,1.00d-10 * exp(-316./(R*Tgas))
333,C2H4 + C2H4 => C2H5 + C2H3,8.00d-10 * exp(-299./(R*Tgas))
334,C2H4(v1) + C2H4(v1) => C2H5 + C2H3,8.00d-10 * exp(-299./(R*Tgas))
335,C2H4(v2) + C2H4(v2) => C2H5 + C2H3,8.00d-10 * exp(-299./(R*Tgas))
336,C2H4 + CH3 => C3H7,4.23d-18 * Tgas**1.60 * exp(-2868.65/Tgas)
337,C2H4(v1) + CH3 => C3H7,4.23d-18 * Tgas**1.60 * exp(-2868.65/Tgas)
338,C2H4(v2) + CH3 => C3H7,4.23d-18 * Tgas**1.60 * exp(-2868.65/Tgas)
339,C2H4 => C2H2 + H2,8.00d12*Tgas**0.44*exp(-44675.39/Tgas)
340,C2H4(v1) => C2H2 + H2,8.00d12*Tgas**0.44*exp(-44675.39/Tgas)
341,C2H4(v2) => C2H2 + H2,8.00d12*Tgas**0.44*exp(-44675.39/Tgas)
342,C2H4 + H2 => C2H6,4.75d-16*exp(-180./(R*Tgas))
343,C2H4(v1) + H2 => C2H6,4.75d-16*exp(-180./(R*Tgas))
344,C2H4(v2) + H2 => C2H6,4.75d-16*exp(-180./(R*Tgas))
345,C2H4 + CH2 => C3H6,5.30d-12*exp(-2660./Tgas)
346,C2H4(v1) + CH2 => C3H6,5.30d-12*exp(-2660./Tgas)
347,C2H4(v2) + CH2 => C3H6,5.30d-12*exp(-2660./Tgas)
348,C2H3 + C2H3 => C2H4 + C2H2,3.50d-11
349,C2H3 + C3H8 => C2H4 + C3H7,1.46d-13*(Tgas/298.)**3.30*exp(-43.90/(R*Tgas))
350,C2H3 + C3H8(v1) => C2H4 + C3H7,1.46d-13*(Tgas/298.)**3.30*exp(-43.90/(R*Tgas))
351,C2H3 + C3H8(v2) => C2H4 + C3H7,1.46d-13*(Tgas/298.)**3.30*exp(-43.90/(R*Tgas))
352,C2H3 + C3H7 => C3H8 + C2H2,2.01d-12
353,C2H3 + C3H7 => C3H6 + C2H4,2.01d-12
354,C2H3 + H2 => C2H4 + H,1.61d-13*(Tgas/298.)**2.63*exp(-35.75/(R*Tgas))
355,C2H3 + H => C2H2 + H2,1.60d-10
356,C2H3 + H => C2H4,1.01d-11*Tgas**0.27*exp(-140.92/Tgas)
357,C2H3 => C2H2 + H,2.00d14*exp(-20000./Tgas)
358,C2H2 + H => C2H3,9.30d-12*exp(-1207.85/Tgas)
359,C2H2(v5) + H => C2H3,9.30d-12*exp(-1207.85/Tgas)
360,C2H2(v2) + H => C2H3,9.30d-12*exp(-1207.85/Tgas)
361,C2H2(v13) + H => C2H3,9.30d-12*exp(-1207.85/Tgas)
362,C2H2 + H2 => C2H4,5.00d-13*exp(-163./(R*Tgas))
363,C2H2(v5) + H2 => C2H4,5.00d-13*exp(-163./(R*Tgas))
364,C2H2(v2) + H2 => C2H4,5.00d-13*exp(-163./(R*Tgas))
365,C2H2(v13) + H2 => C2H4,5.00d-13*exp(-163./(R*Tgas))
366,C2H2 + H2 => C2H3 + H,4.00d-12*exp(-272./(R*Tgas))
367,C2H2(v5) + H2 => C2H3 + H,4.00d-12*exp(-272./(R*Tgas))
368,C2H2(v2) + H2 => C2H3 + H,4.00d-12*exp(-272./(R*Tgas))
369,C2H2(v13) + H2 => C2H3 + H,4.00d-12*exp(-272./(R*Tgas))
370,C2H2 + CH3 => C3H5,1.58d-5*(Tgas/298.)**-8.58*exp(-84.81/(R*Tgas))
371,C2H2(v5) + CH3 => C3H5,1.58d-5*(Tgas/298.)**-8.58*exp(-84.81/(R*Tgas))
372,C2H2(v2) + CH3 => C3H5,1.58d-5*(Tgas/298.)**-8.58*exp(-84.81/(R*Tgas))
373,C2H2(v13) + CH3 => C3H5,1.58d-5*(Tgas/298.)**-8.58*exp(-84.81/(R*Tgas))
374,C3H8 + H => C3H7 + H2,2.19d-180*Tgas**2.54*exp(-3400.10/Tgas)
375,C3H8(v1) + H => C3H7 + H2,2.19d-180*Tgas**2.54*exp(-3400.10/Tgas)
376,C3H8(v2) + H => C3H7 + H2,2.19d-180*Tgas**2.54*exp(-3400.10/Tgas)
377,C3H8 => C2H5 + CH3,1.10d17*exp(-42470./Tgas)
378,C3H8(v1) => C2H5 + CH3,1.10d17*exp(-42470./Tgas)
379,C3H8(v2) => C2H5 + CH3,1.10d17*exp(-42470./Tgas)
380,C3H8 + CH2 => C4H9H,4.42d-12
381,C3H8(v1) + CH2 => C4H9H,4.42d-12
382,C3H8(v2) + CH2 => C4H9H,4.42d-12
383,C3H7 + C3H7 => C3H6 + C3H8,2.81d-12
384,C3H7 + H2 => C3H8 + H,3.19d-14*(Tgas/298.)**2.84*exp(-38.25/(R*Tgas))
385,C3H7 + H => C3H6 + H2,3.01d-12
386,C3H7 + H => C3H8,6.00d-11
387,C3H7 + H => CH3 + C2H5,6.74d-18*Tgas**2.19*exp(-447.91/Tgas)
388,C3H7 => C3H6 + H,1.25d17*exp(-237./(R*Tgas))
389,C3H7 => C2H4 + CH3,16.0*(Tgas/298.)**-(10.00)*exp(-150./(R*Tgas))
390,C3H6 + H => C3H7,1.29d-11*(Tgas/298.)**0.51*exp(-5.15/(R*Tgas))
391,C3H6(v) + H => C3H7,1.29d-11*(Tgas/298.)**0.51*exp(-5.15/(R*Tgas))
392,C3H6 => CH3 + C2H3,1.28d13*(Tgas/298.)**(-15.70)*exp(-502./(R*Tgas))
393,C4H9H + CH3 => CH4 + C4H9,8.32d-13*exp(-56.87/(R*Tgas))
394,C4H9H => C3H7 + CH3,8.87d-7*exp(-180./(R*Tgas))
395,C4H9H => C2H5 + C2H5,7.84d-6*exp(-207./(R*Tgas))
396,C4H9H + CH2 => C5H12,9.61d-13
397,H2 => H + H,1.88d-8*(Tgas/298.)**(-1.10)*exp(-437./(R*Tgas))
398,H + H => H2,5.52d-30*Tgas**(-1.00)
